{"cameraMode":{"drawMode":0,"name":"Shaded","section":"Shading Mode"},"sceneLighting":true,"audioPlay":false,"sceneViewState":{"showFog":true,"showMaterialUpdate":false,"showSkybox":true,"showFlares":true,"showImageEffects":true,"showParticleSystems":true},"in2DMode":false,"pivot":{"x":-4.77416467666626,"y":0.8543166518211365,"z":1.8649135828018189},"rotation":{"x":0.10634972900152207,"y":-0.455814927816391,"z":0.0549616776406765,"w":0.8819883465766907},"size":3.8849260807037355,"orthographic":false}