{"cameraMode":{"drawMode":0,"name":"Shaded","section":"Shading Mode"},"sceneLighting":false,"audioPlay":false,"sceneViewState":{"showFog":true,"showMaterialUpdate":false,"showSkybox":false,"showFlares":true,"showImageEffects":true,"showParticleSystems":true},"in2DMode":false,"pivot":{"x":0.02831118553876877,"y":0.1080884039402008,"z":-0.032123178243637088},"rotation":{"x":0.3208101987838745,"y":0.10795144736766815,"z":-0.036832887679338458,"w":0.9402521848678589},"size":0.38554829359054568,"orthographic":false}