{"cameraMode":{"drawMode":0,"name":"Shaded","section":"Shading Mode"},"sceneLighting":false,"audioPlay":false,"sceneViewState":{"showFog":true,"showMaterialUpdate":false,"showSkybox":false,"showFlares":true,"showImageEffects":true,"showParticleSystems":true},"in2DMode":false,"pivot":{"x":-0.01856090873479843,"y":0.022278159856796266,"z":0.008490443229675293},"rotation":{"x":0.29480165243148806,"y":0.35027411580085757,"z":-0.1171710193157196,"w":0.8812918066978455},"size":0.49917036294937136,"orthographic":false}